ustat,alph1,alph2,beta,chi
15.74741383,1.459300484,1.459300484,60,15.873
14.97047428,1.535035444,1.535035444,54.7,22.33396246
14.17195306,2.228934006,1.897614209,46.7,25.00533162
13.50292178,2.339371332,1.991635584,37.6,10.80578496
13.00654372,2.668612712,2.307606075,46.7,11.67559725
12.98496207,2.438502164,2.076895515,46.7,5.734794249
12.85547214,1.787581846,1.787581846,70.5,20.19846187
12.81950272,2.469975536,2.103701687,46.7,5.860975129
12.59793107,1.459300484,1.459300484,60,1.956337114
12.59793107,1.459300484,1.459300484,60,5.869011343
11.97637942,1.535035444,1.535035444,54.7,6.166071677
11.97637942,1.535035444,1.535035444,54.7,6.166071677
11.33756245,2.228934006,1.897614209,46.7,10.18150718
11.29727669,2.22618806,1.893686787,46.7,2.062612408
11.24404195,2.462370602,11.31137892,11.6,0.339292266
10.9347049,1.813854054,1.572587606,45.8,2.390072574
10.83399051,2.276778671,2.276778671,60,1.168432142
10.83399051,2.276778671,2.276778671,60,13.3535102
10.80233742,2.339371332,1.991635584,37.6,3.630210499
10.73327613,2.943029485,2.505562997,57,10.14822124
10.72608224,1.799854635,1.553895548,45.8,0.723655658
10.56062289,2.035408227,2.035408227,13.6,3.873980624
10.5102657,2.344510523,2.344510523,60,3.280779311
10.49827589,1.459300484,1.459300484,60,1.461949251
10.49827589,1.459300484,1.459300484,60,3.508678202
10.43401052,2.576339974,2.216328943,46.7,0.435178536
10.40523498,2.668612712,2.307606075,46.7,3.332900094
10.38796966,2.438502164,2.076895515,46.7,2.295982385
10.28437771,1.787581846,1.787581846,70.5,4.837158692
10.25560218,2.469975536,2.103701687,46.7,1.949677332
10.10740815,3.125266898,2.660711737,48.2,4.558770882
10.10740815,3.125266898,2.660711737,48.2,9.117541765
10.05705095,2.139826954,2.139826954,13.6,0.654493105
10.05705095,2.139826954,2.139826954,13.6,1.381707666
9.980316183,1.535035444,1.535035444,54.7,3.055007364
9.980316183,1.535035444,1.535035444,54.7,3.055007364
9.970724337,2.471377975,2.471377975,54.7,1.537316688
9.848428295,1.960250739,1.692372726,36.4,0.243723225
9.704550599,2.541755877,2.541755877,45,0.703963704
9.447968708,2.228934006,1.897614209,46.7,3.216230844
9.414397246,2.22618806,1.893686787,46.7,1.476824613
9.215366433,1.49948776,1.49948776,89.3,10.87774285
9.215366433,1.49948776,1.49948776,89.3,7.251828565
9.00194785,2.339371332,1.991635584,37.6,2.133228043
8.995233558,2.462370602,11.31137892,11.6,0.355447936
8.8527,2.01417,2.12818,17,6.764705882
8.747763921,1.813854054,1.572587606,45.8,1.868793861
8.695008765,2.576339974,2.216328943,46.7,0.303741459
8.671029149,2.668612712,2.307606075,46.7,2.316454057
8.667192411,2.276778671,2.276778671,60,0.882475408
8.667192411,2.276778671,2.276778671,60,4.19175819
8.65664138,2.438502164,2.076895515,46.7,1.117834102
8.632661764,1.566148333,6.236981667,46.6,4.508678722
8.586620901,2.943029485,2.505562997,57,2.573331475
8.580865793,1.799854635,1.553895548,45.8,0.78112015
8.570314762,1.787581846,1.787581846,70.5,2.645636897
8.546335146,2.469975536,2.103701687,46.7,1.069588788
8.448498313,2.035408227,2.035408227,13.6,2.436916902
8.408212558,2.344510523,2.344510523,60,1.094479468
8.344906372,2.313433846,1.997291605,55.8,0.950277745
8.344906372,2.313433846,1.997291605,55.8,0.950277745
8.085926519,3.125266898,2.660711737,48.2,2.836799418
8.085926519,3.125266898,2.660711737,48.2,3.404159302
8.045640764,2.139826954,2.139826954,13.6,0.607469964
8.045640764,2.139826954,2.139826954,13.6,1.214939927
7.97657947,2.471377975,2.471377975,54.7,0.858183519
7.891691629,3.122452027,3.122452027,65.9,1.168610381
7.878742636,1.960250739,1.692372726,36.4,0.300508407
7.873706917,1.459300484,1.459300484,60,1.242384182
7.873706917,1.459300484,1.459300484,60,1.785927262
7.763640479,2.541755877,2.541755877,45,0.676579264
7.719038394,1.790161995,1.790161995,89,2.820057801
7.719038394,1.790161995,1.790161995,89,3.625788601
7.603936237,2.538867797,2.191918885,46.6,1.015480981
7.524803504,2.856576746,2.856576746,19,3.242146241
7.496027965,2.462370602,11.31137892,11.6,0.352628629
7.485237138,1.535035444,1.535035444,54.7,1.645439579
7.485237138,1.535035444,1.535035444,54.7,1.558837496
7.438476886,3.312698137,3.312698137,60,1.21617599
7.42888504,2.936375859,0.708486899,20,1.709110079
7.372293146,1.49948776,1.49948776,89.3,3.841367966
7.372293146,1.49948776,1.49948776,89.3,3.414549303
7.289803267,1.813854054,1.572587606,45.8,1.575378459
7.222660342,2.276778671,2.276778671,60,0.837454176
7.222660342,2.276778671,2.276778671,60,2.428617111
7.165109264,3.00349205,3.00349205,19,1.502775265
7.165109264,3.00349205,3.00349205,19,1.912623064
7.155517417,2.943029485,2.505562997,57,1.541375821
7.150721494,1.799854635,1.553895548,45.8,0.815728337
7.085976531,2.228934006,1.897614209,46.7,1.734491448
7.060797934,2.22618806,1.893686787,46.7,1.270237725
7.040415261,2.035408227,2.035408227,13.6,1.937181002
7.021231568,3.50959153,3.378443989,46.8,8.411300986
7.006843798,2.344510523,2.344510523,60,0.840346719
6.906129411,1.566148333,6.236981667,46.6,1.77020816
6.751460888,2.339371332,1.991635584,37.6,1.45552992
6.738272099,3.125266898,2.660711737,48.2,1.794947612
6.738272099,3.125266898,2.660711737,48.2,2.284478779
6.704700636,2.139826954,2.139826954,13.6,0.570303957
6.704700636,2.139826954,2.139826954,13.6,1.09673838
6.675925097,2.313433846,1.997291605,55.8,0.953057913
6.675925097,2.313433846,1.997291605,55.8,0.953057913
6.647149558,2.471377975,2.471377975,54.7,0.689585432
6.6395,2.01417,2.12818,17,2.783933518
6.565618864,1.960250739,1.692372726,36.4,0.34819966
6.521256574,2.576339974,2.216328943,46.7,0.264251958
6.503271862,2.668612712,2.307606075,46.7,1.363168608
6.492481035,2.438502164,2.076895515,46.7,0.643395311
6.4697004,2.541755877,2.541755877,45,0.712758366
6.427736072,1.787581846,1.787581846,70.5,2.218369733
6.40975136,2.469975536,2.103701687,46.7,0.638315196
6.313353303,3.122452027,3.122452027,65.9,0.860127182
6.222710355,3.102408395,2.678448857,47.3,1.069338173
6.175230715,1.790161995,1.790161995,89,1.59152372
6.175230715,1.790161995,1.790161995,89,1.842816939
6.143577622,1.49948776,1.49948776,89.3,2.13490301
6.143577622,1.49948776,1.49948776,89.3,2.022539694
6.083148989,2.538867797,2.191918885,46.6,0.983742378
6.019842803,2.856576746,2.856576746,19,2.303103365
5.950781509,3.312698137,3.312698137,60,0.969949516
5.755107842,1.566148333,6.236981667,46.6,1.21074065
5.732087411,3.00349205,3.00349205,19,1.276179001
5.732087411,3.00349205,3.00349205,19,1.519260715
5.622020974,2.462370602,11.31137892,11.6,0.328775195
5.57166378,2.936375859,0.708486899,20,1.143343601
5.563270914,2.313433846,1.997291605,55.8,0.92441165
5.563270914,2.313433846,1.997291605,55.8,0.92441165
5.46735245,1.813854054,1.572587606,45.8,1.32348599
5.416995257,2.276778671,2.276778671,60,0.834247797
5.416995257,2.276778671,2.276778671,60,1.877057543
5.366638063,2.943029485,2.505562997,57,0.972302412
5.363041121,1.799854635,1.553895548,45.8,0.867852498
5.3116,2.01417,2.12818,17,1.808318264
5.280311445,2.035408227,2.035408227,13.6,3.64602659
5.265923676,3.50959153,3.378443989,46.8,4.152371419
5.261127753,3.122452027,3.122452027,65.9,0.765548531
5.255132849,2.344510523,2.344510523,60,0.77282918
5.249137945,1.459300484,1.459300484,60,1.109984141
5.249137945,1.459300484,1.459300484,60,1.264148605
5.146025596,1.790161995,1.790161995,89,1.26538983
5.146025596,1.790161995,1.790161995,89,1.344476694
5.069290825,2.538867797,2.191918885,46.6,0.977985615
5.053704074,3.125266898,2.660711737,48.2,1.7896553
5.053704074,3.125266898,2.660711737,48.2,1.357669538
5.028525477,2.139826954,2.139826954,13.6,0.479525926
5.028525477,2.139826954,2.139826954,13.6,2.085937778
5.016535669,2.856576746,2.856576746,19,1.861214642
4.990158092,1.535035444,1.535035444,54.7,1.061768088
4.990158092,1.535035444,1.535035444,54.7,1.038173241
4.985362169,2.471377975,2.471377975,54.7,0.688448144
4.978168284,3.102408395,2.678448857,47.3,1.026396778
4.958984591,3.312698137,3.312698137,60,0.8993425
4.924214148,1.960250739,1.692372726,36.4,0.407990999
4.8522753,2.541755877,2.541755877,45,0.77159327
4.776739509,3.00349205,3.00349205,19,1.113778791
4.776739509,3.00349205,3.00349205,19,1.373660509
4.723984354,2.228934006,1.897614209,46.7,1.150528932
4.707198623,2.22618806,1.893686787,46.7,1.100163538
4.607683216,1.49948776,1.49948776,89.3,1.324234883
4.607683216,1.49948776,1.49948776,89.3,1.360025015
4.500973925,2.339371332,1.991635584,37.6,1.133469299
4.4264,2.01417,2.12818,17,1.431111111
4.352300306,1.359039871,58.17061012,80.9,1.403442636
4.347504383,2.576339974,2.216328943,46.7,0.296863208
4.335514575,2.668612712,2.307606075,46.7,0.997243146
4.32832069,2.438502164,2.076895515,46.7,0.484292586
4.316330882,1.566148333,6.236981667,46.6,0.859043275
4.285157381,1.787581846,1.787581846,70.5,1.302700989
4.273167573,2.469975536,2.103701687,46.7,0.470123242
4.212738941,3.50959153,3.378443989,46.8,2.174509442
4.172453186,2.313433846,1.997291605,55.8,0.94123772
4.172453186,2.313433846,1.997291605,55.8,0.94123772
4.14847357,3.102408395,2.678448857,47.3,0.999407079
3.945845814,3.122452027,3.122452027,65.9,0.777414035
3.859519197,1.790161995,1.790161995,89,0.999855485
3.859519197,1.790161995,1.790161995,89,1.018371327
3.801968118,2.538867797,2.191918885,46.6,0.982919962
3.762401752,2.856576746,2.856576746,19,1.432779815
3.748013982,2.462370602,11.31137892,11.6,0.269454491
3.719238443,3.312698137,3.312698137,60,0.887534279
3.71444252,2.936375859,0.708486899,20,0.639048786
3.644901634,1.813854054,1.572587606,45.8,1.173622314
3.611330171,2.276778671,2.276778671,60,0.870907635
3.611330171,2.276778671,2.276778671,60,1.42918176
3.582554632,3.00349205,3.00349205,19,0.861304548
3.582554632,3.00349205,3.00349205,19,1.489824083
3.577758709,2.943029485,2.505562997,57,0.767775024
3.575360747,1.799854635,1.553895548,45.8,0.862827561
3.52020763,2.035408227,2.035408227,13.6,0.942137332
3.510615784,1.735063023,34.11170237,83.2,1.216619276
3.503421899,2.344510523,2.344510523,60,0.811944271
3.481840245,1.359039871,58.17061012,80.9,1.429995307
3.431483051,1.723729815,73.78033359,77.4,1.10705205
3.369136049,3.125266898,2.660711737,48.2,1.391565384
3.369136049,3.125266898,2.660711737,48.2,0.899165325
3.364807461,3.50959153,3.378443989,46.8,2.071506462
3.352350318,2.139826954,2.139826954,13.6,0.364538298
3.352350318,2.139826954,2.139826954,13.6,0.757118003
3.323574779,2.471377975,2.471377975,54.7,0.734697548
3.3198,2.01417,2.12818,17,1.111888112
3.282809432,1.960250739,1.692372726,36.4,0.523228995
3.266023701,1.348658228,1.348658228,87.1,0.253714973
3.2348502,2.541755877,2.541755877,45,0.807933599
3.149482767,1.459300484,1.459300484,60,1.006771387
3.149482767,1.459300484,1.459300484,60,0.976263164
3.111355177,3.102408395,2.678448857,47.3,0.948505453
3.071788811,1.49948776,1.49948776,89.3,0.865974864
3.071788811,1.49948776,1.49948776,89.3,1.047550238
3.009099243,3.50959153,3.378443989,46.8,1.33682255
2.994094855,1.535035444,1.535035444,54.7,0.910184092
2.994094855,1.535035444,1.535035444,54.7,0.910184092
2.901533537,1.359039871,58.17061012,80.9,1.309516824
2.877553921,1.566148333,6.236981667,46.6,0.70752021
2.834390612,2.228934006,1.897614209,46.7,0.944210031
2.824319174,2.22618806,1.893686787,46.7,0.932784034
2.808492627,1.735063023,34.11170237,83.2,1.128372049
2.781635457,2.313433846,1.997291605,55.8,0.810123678
2.781635457,2.313433846,1.997291605,55.8,0.810123678
2.745186441,1.723729815,73.78033359,77.4,1.144025518
2.700584355,2.339371332,1.991635584,37.6,0.978097162
2.661737377,2.222213843,95.11680844,74.8,1.044829635
2.6558,2.01417,2.12818,17,0.991416309
2.632961838,3.50959153,3.378443989,46.8,0.933689553
2.630563876,3.122452027,3.122452027,65.9,0.806247133
2.61281896,1.348658228,1.348658228,87.1,0.296173381
2.60850263,2.576339974,2.216328943,46.7,0.246585233
2.601308745,2.668612712,2.307606075,46.7,0.794426979
2.596992414,2.438502164,2.076895515,46.7,0.445636726
2.589798529,1.030203628,64.31631474,46.4,0.227529989
2.573012798,1.790161995,1.790161995,89,0.897178429
2.573012798,1.790161995,1.790161995,89,0.82241356
2.571094429,1.787581846,1.787581846,70.5,1.031534544
2.563900544,2.469975536,2.103701687,46.7,0.539132198
2.534645412,2.538867797,2.191918885,46.6,0.923121218
2.508267835,2.856576746,2.856576746,19,1.098338708
2.479492295,3.312698137,3.312698137,60,0.89717317
2.476295013,2.936375859,0.708486899,20,0.628376318
2.388369755,3.00349205,3.00349205,19,0.554208065
2.388369755,3.00349205,3.00349205,19,0.89795737
2.373981985,1.855426774,1.855426774,84.5,0.373169372
2.340410523,1.735063023,34.11170237,83.2,1.341190455
2.287655367,1.723729815,73.78033359,77.4,1.093311433
2.248808389,2.462370602,11.31137892,11.6,0.192016411
2.18694098,1.813854054,1.572587606,45.8,1.007053902
2.177349134,1.348658228,1.348658228,87.1,0.350764954
2.176150153,1.359039871,58.17061012,80.9,1.176102501
2.166798103,2.276778671,2.276778671,60,0.874627684
2.166798103,2.276778671,2.276778671,60,1.080422433
2.146655225,2.943029485,2.505562997,57,0.799599711
2.145216448,1.799854635,1.553895548,45.8,0.766159186
2.129389902,2.222213843,95.11680844,74.8,1.07853171
2.112124578,2.035408227,2.035408227,13.6,0.593964217
2.10636947,3.50959153,3.378443989,46.8,0.758284669
2.102053139,2.344510523,2.344510523,60,0.844522563
2.099655178,1.459300484,1.459300484,60,0.912255775
2.099655178,1.459300484,1.459300484,60,0.946465366
2.074236785,3.102408395,2.678448857,47.3,0.887101771
2.071838823,1.030203628,64.31631474,46.4,0.240515584
2.02148163,3.125266898,2.660711737,48.2,1.072705618
2.02148163,3.125266898,2.660711737,48.2,0.885605801
2.011410191,2.139826954,2.139826954,13.6,0.248273403
2.011410191,2.139826954,2.139826954,13.6,0.559074922
1.996063237,1.535035444,1.535035444,54.7,0.890747404
1.996063237,1.535035444,1.535035444,54.7,0.901226785
1.994144867,2.471377975,2.471377975,54.7,0.765599616
1.969685659,1.960250739,1.692372726,36.4,0.573082643
1.94091012,2.541755877,2.541755877,45,0.743227041
1.913573358,1.394260549,87.04463649,47.8,0.557169094
1.899185588,1.855426774,1.855426774,84.5,0.445454965
1.889593742,2.228934006,1.897614209,46.7,0.923625843
1.882879449,2.22618806,1.893686787,46.7,0.769055562
1.843073287,1.49948776,1.49948776,89.3,0.872107714
1.843073287,1.49948776,1.49948776,89.3,0.872107714
1.80038957,2.339371332,1.991635584,37.6,0.971199226
1.774491585,2.222213843,95.11680844,74.8,1.050411393
1.755307892,1.735063023,34.11170237,83.2,1.19434046
1.739001753,2.576339974,2.216328943,46.7,0.21245898
1.73420583,2.668612712,2.307606075,46.7,0.657522336
1.731328276,2.438502164,2.076895515,46.7,0.418664701
1.726532353,1.030203628,64.31631474,46.4,0.249973598
1.715741526,1.723729815,73.78033359,77.4,1.063867832
1.714062952,1.787581846,1.787581846,70.5,0.968565877
1.709267029,2.469975536,2.103701687,46.7,0.515068379
1.668981274,2.313433846,1.997291605,55.8,0.764406443
1.668981274,2.313433846,1.997291605,55.8,0.764406443
1.63301185,1.348658228,1.348658228,87.1,0.440134241
1.582654657,1.855426774,1.855426774,84.5,0.503064552
1.578338326,3.122452027,3.122452027,65.9,0.813094478
1.543807679,1.790161995,1.790161995,89,0.849169821
1.543807679,1.790161995,1.790161995,89,0.858108451
1.530858686,1.394260549,87.04463649,47.8,0.579542815
1.520787247,2.538867797,2.191918885,46.6,0.754470937
1.504960701,2.856576746,2.856576746,19,0.672550414
1.499205593,2.462370602,11.31137892,11.6,0.147083889
1.487695377,3.312698137,3.312698137,60,0.853090488
1.485777008,2.936375859,0.708486899,20,0.493281915
1.457960653,1.813854054,1.572587606,45.8,0.903329914
1.450766769,1.359039871,58.17061012,80.9,1.085809949
1.444532068,2.276778671,2.276778671,60,0.828435277
1.444532068,2.276778671,2.276778671,60,0.812191448
1.433021853,3.00349205,3.00349205,19,0.334184316
1.433021853,3.00349205,3.00349205,19,0.625972115
1.431103483,2.943029485,2.505562997,57,0.821337139
1.430144299,1.799854635,1.553895548,45.8,0.62299174
1.408083052,2.035408227,2.035408227,13.6,0.42653303
1.40136876,2.344510523,2.344510523,60,0.802523894
1.34765442,3.125266898,2.660711737,48.2,0.842120013
1.34765442,3.125266898,2.660711737,48.2,0.904831078
1.340940127,2.139826954,2.139826954,13.6,0.183577335
1.340940127,2.139826954,2.139826954,13.6,0.412149114
1.330868689,2.222213843,95.11680844,74.8,1.025932257
1.329429912,2.471377975,2.471377975,54.7,0.687229332
1.3279,2.01417,2.12818,17,0.782485876
1.313123773,1.960250739,1.692372726,36.4,0.553915149
1.312284486,1.459300484,1.459300484,60,0.77075202
1.312284486,1.459300484,1.459300484,60,0.942030246
1.294899265,1.030203628,64.31631474,46.4,0.265942612
1.29394008,2.541755877,2.541755877,45,0.62096666
1.275715572,1.394260549,87.04463649,47.8,0.594442715
1.247539523,1.535035444,1.535035444,54.7,0.918409911
1.247539523,1.535035444,1.535035444,54.7,0.899074965
1.244542071,3.102408395,2.678448857,47.3,0.737955557
1.228715524,1.49948776,1.49948776,89.3,0.696683102
1.228715524,1.49948776,1.49948776,89.3,0.902021279
1.186990993,1.855426774,1.855426774,84.5,0.596748723
1.180996089,2.228934006,1.897614209,46.7,0.838939171
1.176799656,2.22618806,1.893686787,46.7,0.660033781
1.170205261,1.735063023,34.11170237,83.2,1.075010711
1.143827684,1.723729815,73.78033359,77.4,1.026389202
1.125243481,2.339371332,1.991635584,37.6,0.862846925
1.112654183,2.313433846,1.997291605,55.8,0.698047263
1.112654183,2.313433846,1.997291605,55.8,0.698047263
1.088674567,1.348658228,1.348658228,87.1,0.561655441
1.086876096,2.576339974,2.216328943,46.7,0.659962456
1.083878644,2.668612712,2.307606075,46.7,0.641543411
1.082080172,2.438502164,2.076895515,46.7,0.622289492
1.071289345,1.787581846,1.787581846,70.5,0.960116871
1.068291893,2.469975536,2.103701687,46.7,0.62366089
1.052225551,3.122452027,3.122452027,65.9,0.728920007
1.029205119,1.790161995,1.790161995,89,0.861664463
1.029205119,1.790161995,1.790161995,89,0.593849832
1.013858165,2.538867797,2.191918885,46.6,0.603021842
1.003307134,2.856576746,2.856576746,19,0.506707218
0.991796918,3.312698137,3.312698137,60,0.9465099
0.956786679,1.394260549,87.04463649,47.8,0.612354746
0.955347902,3.00349205,3.00349205,19,0.249205337
0.955347902,3.00349205,3.00349205,19,0.494302893
0.937003496,2.462370602,11.31137892,11.6,0.108573735
0.911225408,1.813854054,1.572587606,45.8,0.626774786
0.902832543,2.276778671,2.276778671,60,0.717912344
0.902832543,2.276778671,2.276778671,60,0.954670671
0.894439677,2.943029485,2.505562997,57,0.787006471
0.893840187,1.799854635,1.553895548,45.8,0.599032636
0.887245792,2.222213843,95.11680844,74.8,1.004951616
0.880051908,2.035408227,2.035408227,13.6,0.312967808
0.875855475,2.344510523,2.344510523,60,0.738867945
0.870460061,1.359039871,58.17061012,80.9,1.023001794
0.863266176,1.030203628,64.31631474,46.4,0.293845595
0.842284012,3.125266898,2.660711737,48.2,0.697069281
0.842284012,3.125266898,2.660711737,48.2,0.895255645
0.83808758,2.139826954,2.139826954,13.6,0.135153214
0.83808758,2.139826954,2.139826954,13.6,0.308592152
0.830893695,2.471377975,2.471377975,54.7,0.658200552
0.829694714,3.102408395,2.678448857,47.3,0.605591178
0.820702358,1.960250739,1.692372726,36.4,0.503887954
0.80871255,2.541755877,2.541755877,45,0.7068281
0.791327328,1.855426774,1.855426774,84.5,0.704066851
0.767947203,1.49948776,1.49948776,89.3,0.246368714
0.767947203,1.49948776,1.49948776,89.3,0.930167593
0.702123157,1.735063023,34.11170237,83.2,0.897302431
0.695408864,2.313433846,1.997291605,55.8,0.615569886
0.695408864,2.313433846,1.997291605,55.8,0.615569886
0.68629661,1.723729815,73.78033359,77.4,0.987064529
0.657640969,3.122452027,3.122452027,65.9,0.719958505
0.65320474,1.348658228,1.348658228,87.1,0.691258968
0.643253199,1.790161995,1.790161995,89,0.849561983
0.643253199,1.790161995,1.790161995,89,0.197868069
0.637857786,1.394260549,87.04463649,47.8,0.627990728
0.633661353,2.538867797,2.191918885,46.6,0.593772376
0.627066959,2.856576746,2.856576746,19,0.40547992
0.619873074,3.312698137,3.312698137,60,0.971122705
0.597092439,3.00349205,3.00349205,19,0.182814828
0.597092439,3.00349205,3.00349205,19,0.398939138
0.580306707,1.359039871,58.17061012,80.9,1.003619635
0.532347475,2.222213843,95.11680844,74.8,0.964669938
0.518559196,3.102408395,2.678448857,47.3,0.608789821
0.517959706,1.030203628,64.31631474,46.4,0.324188496
0.474796397,1.855426774,1.855426774,84.5,0.795250857
0.468082105,1.735063023,34.11170237,83.2,1.000706492
0.457531073,1.723729815,73.78033359,77.4,0.978664227
0.435469827,1.348658228,1.348658228,87.1,0.760977423
0.382714672,1.394260549,87.04463649,47.8,0.599849929
0.362691692,1.359039871,58.17061012,80.9,0.991331255
0.354898317,2.222213843,95.11680844,74.8,0.965795638
0.345306471,1.030203628,64.31631474,46.4,0.877885823
0.316530931,1.855426774,1.855426774,84.5,0.824626173
0.292551315,1.735063023,34.11170237,83.2,1.002126188
0.285956921,1.723729815,73.78033359,77.4,0.958809941
0.272168642,1.348658228,1.348658228,87.1,0.801440554
0.255143114,1.394260549,87.04463649,47.8,0.926927234
0.221811448,2.222213843,95.11680844,74.8,0.947045125
0.215816544,1.030203628,64.31631474,46.4,0.904010561
0.197831832,1.855426774,1.855426774,84.5,0.905847586
0.159464446,1.394260549,87.04463649,47.8,0.932450988
